code,file,night,nanka
100,100.png,500.png,100
101,101.png,501.png,100
102,102.png,502.png,300
103,102.png,502.png,300
104,104.png,504.png,400
105,104.png,504.png,400
106,102.png,502.png,300
107,102.png,502.png,300
108,102.png,502.png,300
110,110.png,510.png,100
111,110.png,510.png,100
112,112.png,512.png,300
113,112.png,512.png,300
114,112.png,512.png,300
115,115.png,515.png,400
116,115.png,515.png,400
117,115.png,515.png,400
118,112.png,512.png,300
119,112.png,512.png,300
120,102.png,502.png,300
121,102.png,502.png,300
122,112.png,512.png,300
123,100.png,500.png,100
124,100.png,500.png,100
125,112.png,512.png,300
126,112.png,512.png,300
127,112.png,512.png,300
128,112.png,512.png,300
130,100.png,500.png,100
131,100.png,500.png,100
132,101.png,501.png,100
140,102.png,502.png,300
160,104.png,504.png,400
170,104.png,504.png,400
181,115.png,515.png,400
200,200.png,200.png,200
201,201.png,601.png,200
202,202.png,202.png,300
203,202.png,202.png,300
204,204.png,204.png,400
205,204.png,204.png,400
206,202.png,202.png,300
207,202.png,202.png,300
208,202.png,202.png,300
209,200.png,200.png,200
210,210.png,610.png,200
211,210.png,610.png,200
212,212.png,212.png,300
213,212.png,212.png,300
214,212.png,212.png,300
215,215.png,215.png,400
216,215.png,215.png,400
217,215.png,215.png,400
218,212.png,212.png,300
219,212.png,212.png,300
220,202.png,202.png,300
221,202.png,202.png,300
222,212.png,212.png,300
223,201.png,601.png,200
224,212.png,212.png,300
225,212.png,212.png,300
226,212.png,212.png,300
228,215.png,215.png,400
229,215.png,215.png,400
230,215.png,215.png,400
231,200.png,200.png,200
240,202.png,202.png,300
250,204.png,204.png,400
260,204.png,204.png,400
270,204.png,204.png,400
281,215.png,215.png,400
300,300.png,300.png,300
301,301.png,701.png,300
302,302.png,302.png,300
303,303.png,303.png,400
304,300.png,300.png,300
306,300.png,300.png,300
308,308.png,308.png,300
309,303.png,303.png,400
311,311.png,711.png,300
313,313.png,313.png,300
314,314.png,314.png,400
315,314.png,314.png,400
316,311.png,711.png,300
317,313.png,313.png,300
320,311.png,711.png,300
321,313.png,313.png,300
322,303.png,303.png,400
323,311.png,711.png,300
324,311.png,711.png,300
325,311.png,711.png,300
326,314.png,314.png,400
327,314.png,314.png,400
328,300.png,300.png,300
329,300.png,300.png,300
340,400.png,400.png,400
350,300.png,300.png,300
361,411.png,811.png,400
371,413.png,413.png,400
400,400.png,400.png,400
401,401.png,801.png,400
402,402.png,402.png,400
403,403.png,403.png,400
405,400.png,400.png,400
406,406.png,406.png,400
407,406.png,406.png,400
409,403.png,403.png,400
411,411.png,811.png,400
413,413.png,413.png,400
414,414.png,414.png,400
420,411.png,811.png,400
421,413.png,413.png,400
422,414.png,414.png,400
423,414.png,414.png,400
425,400.png,400.png,400
426,400.png,400.png,400
427,400.png,400.png,400
450,400.png,400.png,400
